method name, counts
displayLabel, 2 
doMailProceed, 7 
addPincheckInfo, 3 
enterWaiver, 3 
pincheckAssociated, 4 
viewP4File, 5 
showUsage, 2 
checkPincheckLog, 3 
firstAvailableFile, 7 
sort, 14 
prevCommand, 2 
executeCommand, 2 
logMsg, 57 
logError, 16 
refreshRow, 3 
refreshOnManualSelect, 2 
getLatestDatetime, 3 
addDesc, 2 
addDatetime, 4 
addDatetimeCmp, 2 
addChangelist, 2 
addRelease, 12 
doExit, 1 
doExecCRR, 1 
doBuild, 2 
checkRequiredFile, 1 
putVar, 16 
doSnapshot, 6 
doMail, 9 
checkP4Mapping, 2 
confirmDialog, 7 
waiveDialog, 2 
waiverWindow, 2 
doClean, 3 
checkRequiredVariable, 8 
lockGuiForConfig, 3 
processConfig, 4 
processConfigP4, 2 
processProject, 2 
exitApp, 2 
addReleaseInfo, 8 
buildReleasePage, 2 
checkRequiredFile, 2 
processProject, 2 
get_depot_filelist, 2 
get_max_changelist_number, 2 
adjust_rtldir_path, 2 
cleanup_rtl_dir, 2 
Main, 12 
showUsage, 5 
process_cmdline, 2 
